"Designator";"Comment";"Footprint";"Center-X(mm)";"Center-Y(mm)";"Rotation";"Layer"
"C8";"470µF";"SMD_ELKO_10.0X10.0";"8.1000";"5.4000";"180";"BottomLayer"
"C9";"10µF";"SMD_Keramikkondensator_1206";"18.0000";"6.9250";"270";"BottomLayer"
"C10";"1µF";"SMD_Keramikkondensator_0603";"20.0000";"7.7000";"270";"BottomLayer"
"C11";"1µF";"SMD_Keramikkondensator_1206";"18.0000";"25.2500";"90";"BottomLayer"
"C12";"220µF";"SMD_ELKO_12.5X13.5";"9.2500";"29.5500";"180";"BottomLayer"
"C13";"470µF";"SMD_ELKO_10.0X10.0";"8.1250";"-5.4000";"180";"BottomLayer"
"C14";"10µF";"SMD_Keramikkondensator_1206";"15.7500";"-9.0500";"0";"BottomLayer"
"C15";"1µF";"SMD_Keramikkondensator_0603";"15.0000";"-11.1000";"0";"BottomLayer"
"C16";"10µF";"SMD_Keramikkondensator_1206";"15.7500";"-24.0500";"0";"BottomLayer"
"C17";"470µF";"SMD_ELKO_10.0X10.0";"8.1250";"-27.7000";"180";"BottomLayer"
"C18";"1µF";"SMD_Keramikkondensator_0603";"38.2000";"39.0000";"90";"BottomLayer"
"C1_1";"1µF";"SMD_Keramikkondensator_0603";"73.5030";"34.0460";"0";"BottomLayer"
"C1_2";"1µF";"SMD_Keramikkondensator_0603";"73.5000";"19.3010";"0";"BottomLayer"
"C1_3";"1µF";"SMD_Keramikkondensator_0603";"73.4960";"4.5710";"0";"BottomLayer"
"C1_4";"1µF";"SMD_Keramikkondensator_0603";"73.5000";"-10.1990";"0";"BottomLayer"
"C1_5";"1µF";"SMD_Keramikkondensator_0603";"73.4960";"-24.9540";"0";"BottomLayer"
"C1_6";"1µF";"SMD_Keramikkondensator_0603";"73.5000";"-39.6990";"0";"BottomLayer"
"C2_1";"100nF";"SMD_Keramikkondensator_0603";"85.2530";"32.1210";"270";"BottomLayer"
"C2_2";"100nF";"SMD_Keramikkondensator_0603";"85.2500";"17.3760";"270";"BottomLayer"
"C2_3";"100nF";"SMD_Keramikkondensator_0603";"85.2460";"2.6460";"270";"BottomLayer"
"C2_4";"100nF";"SMD_Keramikkondensator_0603";"85.2500";"-12.1240";"270";"BottomLayer"
"C2_5";"100nF";"SMD_Keramikkondensator_0603";"85.2460";"-26.8790";"270";"BottomLayer"
"C2_6";"100nF";"SMD_Keramikkondensator_0603";"85.2500";"-41.6240";"270";"BottomLayer"
"C3_1";"NP";"SMD_Keramikkondensator_0603";"104.2530";"31.1200";"270";"BottomLayer"
"C3_2";"NP";"SMD_Keramikkondensator_0603";"104.2500";"16.3750";"270";"BottomLayer"
"C3_3";"NP";"SMD_Keramikkondensator_0603";"104.2460";"1.6450";"270";"BottomLayer"
"C3_4";"NP";"SMD_Keramikkondensator_0603";"104.2500";"-13.1250";"270";"BottomLayer"
"C3_5";"NP";"SMD_Keramikkondensator_0603";"104.2460";"-27.8800";"270";"BottomLayer"
"C3_6";"NP";"SMD_Keramikkondensator_0603";"104.2500";"-42.6250";"270";"BottomLayer"
"C4_1";"NP";"SMD_Keramikkondensator_0603";"104.2530";"36.8700";"270";"BottomLayer"
"C4_2";"NP";"SMD_Keramikkondensator_0603";"104.2500";"22.1250";"270";"BottomLayer"
"C4_3";"NP";"SMD_Keramikkondensator_0603";"104.2460";"7.3950";"270";"BottomLayer"
"C4_4";"NP";"SMD_Keramikkondensator_0603";"104.2500";"-7.3750";"270";"BottomLayer"
"C4_5";"NP";"SMD_Keramikkondensator_0603";"104.2460";"-22.1300";"270";"BottomLayer"
"C4_6";"NP";"SMD_Keramikkondensator_0603";"104.2500";"-36.8750";"270";"BottomLayer"
"C5_1";"NP";"SMD_Keramikkondensator_0603";"104.2530";"42.6200";"90";"BottomLayer"
"C5_2";"NP";"SMD_Keramikkondensator_0603";"104.2500";"27.8750";"90";"BottomLayer"
"C5_3";"NP";"SMD_Keramikkondensator_0603";"104.2460";"13.1450";"90";"BottomLayer"
"C5_4";"NP";"SMD_Keramikkondensator_0603";"104.2500";"-1.6250";"90";"BottomLayer"
"C5_5";"NP";"SMD_Keramikkondensator_0603";"104.2460";"-16.3800";"90";"BottomLayer"
"C5_6";"NP";"SMD_Keramikkondensator_0603";"104.2500";"-31.1250";"90";"BottomLayer"
"C6_1";"1µF";"SMD_Keramikkondensator_0603";"73.5030";"41.4240";"0";"BottomLayer"
"C6_2";"1µF";"SMD_Keramikkondensator_0603";"73.5000";"26.6790";"0";"BottomLayer"
"C6_3";"1µF";"SMD_Keramikkondensator_0603";"73.4960";"11.9490";"0";"BottomLayer"
"C6_4";"1µF";"SMD_Keramikkondensator_0603";"73.5000";"-2.8210";"0";"BottomLayer"
"C6_5";"1µF";"SMD_Keramikkondensator_0603";"73.4960";"-17.5760";"0";"BottomLayer"
"C6_6";"1µF";"SMD_Keramikkondensator_0603";"73.5000";"-32.3210";"0";"BottomLayer"
"C7_1";"100nF";"SMD_Keramikkondensator_0603";"85.2530";"39.4950";"270";"BottomLayer"
"C7_2";"100nF";"SMD_Keramikkondensator_0603";"85.2500";"24.7500";"270";"BottomLayer"
"C7_3";"100nF";"SMD_Keramikkondensator_0603";"85.2460";"10.0200";"270";"BottomLayer"
"C7_4";"100nF";"SMD_Keramikkondensator_0603";"85.2500";"-4.7500";"270";"BottomLayer"
"C7_5";"100nF";"SMD_Keramikkondensator_0603";"85.2460";"-19.5050";"270";"BottomLayer"
"C7_6";"100nF";"SMD_Keramikkondensator_0603";"85.2500";"-34.2500";"270";"BottomLayer"
"D1";"SP1060L";"SMD_DIODE_TO-277";"17.5975";"39.7500";"0";"BottomLayer"
"D8";"SP1060L";"SMD_DIODE_TO-277";"21.1000";"18.3975";"90";"BottomLayer"
"D9";"SP1060L";"SMD_DIODE_TO-277";"21.1000";"-14.7025";"90";"BottomLayer"
"D2_1";"1N4148";"SMD_Diode_SOD-123";"73.5030";"31.1460";"180";"BottomLayer"
"D2_2";"1N4148";"SMD_Diode_SOD-123";"73.5000";"16.4010";"180";"BottomLayer"
"D2_3";"1N4148";"SMD_Diode_SOD-123";"73.4960";"1.6710";"180";"BottomLayer"
"D2_4";"1N4148";"SMD_Diode_SOD-123";"73.5000";"-13.0990";"180";"BottomLayer"
"D2_5";"1N4148";"SMD_Diode_SOD-123";"73.4960";"-27.8540";"180";"BottomLayer"
"D2_6";"1N4148";"SMD_Diode_SOD-123";"73.5000";"-42.5990";"180";"BottomLayer"
"D3_1";"1N4148";"SMD_Diode_SOD-123";"88.7530";"32.0825";"0";"BottomLayer"
"D3_2";"1N4148";"SMD_Diode_SOD-123";"88.7500";"17.3375";"0";"BottomLayer"
"D3_3";"1N4148";"SMD_Diode_SOD-123";"88.7460";"2.6075";"0";"BottomLayer"
"D3_4";"1N4148";"SMD_Diode_SOD-123";"88.7500";"-12.1625";"0";"BottomLayer"
"D3_5";"1N4148";"SMD_Diode_SOD-123";"88.7460";"-26.9175";"0";"BottomLayer"
"D3_6";"1N4148";"SMD_Diode_SOD-123";"88.7500";"-41.6625";"0";"BottomLayer"
"D4_1";"1N4148";"SMD_Diode_SOD-123";"88.7530";"34.2825";"0";"BottomLayer"
"D4_2";"1N4148";"SMD_Diode_SOD-123";"88.7500";"19.5375";"0";"BottomLayer"
"D4_3";"1N4148";"SMD_Diode_SOD-123";"88.7460";"4.8075";"0";"BottomLayer"
"D4_4";"1N4148";"SMD_Diode_SOD-123";"88.7500";"-9.9625";"0";"BottomLayer"
"D4_5";"1N4148";"SMD_Diode_SOD-123";"88.7460";"-24.7175";"0";"BottomLayer"
"D4_6";"1N4148";"SMD_Diode_SOD-123";"88.7500";"-39.4625";"0";"BottomLayer"
"D5_1";"1N4148";"SMD_Diode_SOD-123";"73.5030";"38.5240";"180";"BottomLayer"
"D5_2";"1N4148";"SMD_Diode_SOD-123";"73.5000";"23.7790";"180";"BottomLayer"
"D5_3";"1N4148";"SMD_Diode_SOD-123";"73.4960";"9.0490";"180";"BottomLayer"
"D5_4";"1N4148";"SMD_Diode_SOD-123";"73.5000";"-5.7210";"180";"BottomLayer"
"D5_5";"1N4148";"SMD_Diode_SOD-123";"73.4960";"-20.4760";"180";"BottomLayer"
"D5_6";"1N4148";"SMD_Diode_SOD-123";"73.5000";"-35.2210";"180";"BottomLayer"
"D6_1";"1N4148";"SMD_Diode_SOD-123";"88.7530";"39.4575";"0";"BottomLayer"
"D6_2";"1N4148";"SMD_Diode_SOD-123";"88.7500";"24.7125";"0";"BottomLayer"
"D6_3";"1N4148";"SMD_Diode_SOD-123";"88.7460";"9.9825";"0";"BottomLayer"
"D6_4";"1N4148";"SMD_Diode_SOD-123";"88.7500";"-4.7875";"0";"BottomLayer"
"D6_5";"1N4148";"SMD_Diode_SOD-123";"88.7460";"-19.5425";"0";"BottomLayer"
"D6_6";"1N4148";"SMD_Diode_SOD-123";"88.7500";"-34.2875";"0";"BottomLayer"
"D7_1";"1N4148";"SMD_Diode_SOD-123";"88.7530";"41.6575";"0";"BottomLayer"
"D7_2";"1N4148";"SMD_Diode_SOD-123";"88.7500";"26.9125";"0";"BottomLayer"
"D7_3";"1N4148";"SMD_Diode_SOD-123";"88.7460";"12.1825";"0";"BottomLayer"
"D7_4";"1N4148";"SMD_Diode_SOD-123";"88.7500";"-2.5875";"0";"BottomLayer"
"D7_5";"1N4148";"SMD_Diode_SOD-123";"88.7460";"-17.3425";"0";"BottomLayer"
"D7_6";"1N4148";"SMD_Diode_SOD-123";"88.7500";"-32.0875";"0";"BottomLayer"
"K1_1";"2N7002DW-7-F";"SMD_IC_SOT-363_(SC-70-6)";"93.0030";"33.1830";"270";"BottomLayer"
"K1_2";"2N7002DW-7-F";"SMD_IC_SOT-363_(SC-70-6)";"93.0000";"18.4380";"270";"BottomLayer"
"K1_3";"2N7002DW-7-F";"SMD_IC_SOT-363_(SC-70-6)";"92.9960";"3.7080";"270";"BottomLayer"
"K1_4";"2N7002DW-7-F";"SMD_IC_SOT-363_(SC-70-6)";"93.0000";"-11.0620";"270";"BottomLayer"
"K1_5";"2N7002DW-7-F";"SMD_IC_SOT-363_(SC-70-6)";"92.9960";"-25.8170";"270";"BottomLayer"
"K1_6";"2N7002DW-7-F";"SMD_IC_SOT-363_(SC-70-6)";"93.0000";"-40.5620";"270";"BottomLayer"
"K2_1";"2N7002DW-7-F";"SMD_IC_SOT-363_(SC-70-6)";"93.0030";"40.5570";"270";"BottomLayer"
"K2_2";"2N7002DW-7-F";"SMD_IC_SOT-363_(SC-70-6)";"93.0000";"25.8120";"270";"BottomLayer"
"K2_3";"2N7002DW-7-F";"SMD_IC_SOT-363_(SC-70-6)";"92.9960";"11.0820";"270";"BottomLayer"
"K2_4";"2N7002DW-7-F";"SMD_IC_SOT-363_(SC-70-6)";"93.0000";"-3.6880";"270";"BottomLayer"
"K2_5";"2N7002DW-7-F";"SMD_IC_SOT-363_(SC-70-6)";"92.9960";"-18.4430";"270";"BottomLayer"
"K2_6";"2N7002DW-7-F";"SMD_IC_SOT-363_(SC-70-6)";"93.0000";"-33.1880";"270";"BottomLayer"
"L3";"47µH 5.0A";"SMD_Inductor_13.8x12.6x6.5";"30.3750";"16.5500";"90";"BottomLayer"
"L4";"47µH 5.0A";"SMD_Inductor_13.8x12.6x6.5";"30.3750";"-16.5500";"90";"BottomLayer"
"L1_1";"680µH 270mA";"SMD_Inductor_7x7x4.5";"99.2530";"33.1825";"0";"BottomLayer"
"L1_2";"680µH 270mA";"SMD_Inductor_7x7x4.5";"99.2500";"18.4375";"0";"BottomLayer"
"L1_3";"680µH 270mA";"SMD_Inductor_7x7x4.5";"99.2460";"3.7075";"0";"BottomLayer"
"L1_4";"680µH 270mA";"SMD_Inductor_7x7x4.5";"99.2500";"-11.0625";"0";"BottomLayer"
"L1_5";"680µH 270mA";"SMD_Inductor_7x7x4.5";"99.2460";"-25.8175";"0";"BottomLayer"
"L1_6";"680µH 270mA";"SMD_Inductor_7x7x4.5";"99.2500";"-40.5625";"0";"BottomLayer"
"L2_1";"NP";"SMD_Inductor_7x7x4.5_NP";"99.2530";"40.5575";"0";"BottomLayer"
"L2_2";"NP";"SMD_Inductor_7x7x4.5_NP";"99.2500";"25.8125";"0";"BottomLayer"
"L2_3";"NP";"SMD_Inductor_7x7x4.5_NP";"99.2460";"11.0825";"0";"BottomLayer"
"L2_4";"NP";"SMD_Inductor_7x7x4.5_NP";"99.2500";"-3.6875";"0";"BottomLayer"
"L2_5";"NP";"SMD_Inductor_7x7x4.5_NP";"99.2460";"-18.4425";"0";"BottomLayer"
"L2_6";"NP";"SMD_Inductor_7x7x4.5_NP";"99.2500";"-33.1875";"0";"BottomLayer"
"P1";"Green";"SMD_LED_0603";"65.1950";"7.3500";"270";"BottomLayer"
"P2";"Green";"SMD_LED_0603";"63.9250";"7.3500";"270";"BottomLayer"
"P3";"Green";"SMD_LED_0603";"62.6550";"7.3500";"270";"BottomLayer"
"P4";"Green";"SMD_LED_0603";"61.3850";"7.3500";"270";"BottomLayer"
"P5";"Green";"SMD_LED_0603";"60.1150";"7.3500";"270";"BottomLayer"
"P6";"Green";"SMD_LED_0603";"58.8450";"7.3500";"270";"BottomLayer"
"P7";"Green";"SMD_LED_0603";"57.5750";"7.3500";"270";"BottomLayer"
"P8";"Green";"SMD_LED_0603";"56.3050";"7.3500";"270";"BottomLayer"
"P9";"WS2812B";"SMD_LED_WS2812B-5050";"248.2500";"36.8750";"90";"TopLayer"
"P10";"WS2812B";"SMD_LED_WS2812B-5050";"248.2500";"22.1250";"90";"TopLayer"
"P11";"WS2812B";"SMD_LED_WS2812B-5050";"248.2500";"7.3750";"90";"TopLayer"
"P12";"WS2812B";"SMD_LED_WS2812B-5050";"248.2500";"-7.3750";"90";"TopLayer"
"P13";"WS2812B";"SMD_LED_WS2812B-5050";"248.2500";"-22.1250";"90";"TopLayer"
"P14";"WS2812B";"SMD_LED_WS2812B-5050";"248.2500";"-36.8750";"90";"TopLayer"
"Q1_1";"MA40A16";"THT_Transducer_(MA40A16)";"115.7500";"36.8750";"270";"TopLayer"
"Q1_2";"MA40A16";"THT_Transducer_(MA40A16)";"107.2500";"22.1250";"270";"TopLayer"
"Q1_3";"MA40A16";"THT_Transducer_(MA40A16)";"115.7500";"7.3750";"270";"TopLayer"
"Q1_4";"MA40A16";"THT_Transducer_(MA40A16)";"107.2500";"-7.3750";"270";"TopLayer"
"Q1_5";"MA40A16";"THT_Transducer_(MA40A16)";"115.7500";"-22.1250";"270";"TopLayer"
"Q1_6";"MA40A16";"THT_Transducer_(MA40A16)";"107.2500";"-36.8750";"270";"TopLayer"
"Q2_1";"MA40A16";"THT_Transducer_(MA40A16)";"132.7500";"36.8750";"270";"TopLayer"
"Q2_2";"MA40A16";"THT_Transducer_(MA40A16)";"124.2500";"22.1250";"270";"TopLayer"
"Q2_3";"MA40A16";"THT_Transducer_(MA40A16)";"132.7500";"7.3750";"270";"TopLayer"
"Q2_4";"MA40A16";"THT_Transducer_(MA40A16)";"124.2500";"-7.3750";"270";"TopLayer"
"Q2_5";"MA40A16";"THT_Transducer_(MA40A16)";"132.7500";"-22.1250";"270";"TopLayer"
"Q2_6";"MA40A16";"THT_Transducer_(MA40A16)";"124.2500";"-36.8750";"270";"TopLayer"
"Q3_1";"MA40A16";"THT_Transducer_(MA40A16)";"149.7500";"36.8750";"270";"TopLayer"
"Q3_2";"MA40A16";"THT_Transducer_(MA40A16)";"141.2500";"22.1250";"270";"TopLayer"
"Q3_3";"MA40A16";"THT_Transducer_(MA40A16)";"149.7500";"7.3750";"270";"TopLayer"
"Q3_4";"MA40A16";"THT_Transducer_(MA40A16)";"141.2500";"-7.3750";"270";"TopLayer"
"Q3_5";"MA40A16";"THT_Transducer_(MA40A16)";"149.7500";"-22.1250";"270";"TopLayer"
"Q3_6";"MA40A16";"THT_Transducer_(MA40A16)";"141.2500";"-36.8750";"270";"TopLayer"
"Q4_1";"MA40A16";"THT_Transducer_(MA40A16)";"166.7500";"36.8750";"270";"TopLayer"
"Q4_2";"MA40A16";"THT_Transducer_(MA40A16)";"158.2500";"22.1250";"270";"TopLayer"
"Q4_3";"MA40A16";"THT_Transducer_(MA40A16)";"166.7500";"7.3750";"270";"TopLayer"
"Q4_4";"MA40A16";"THT_Transducer_(MA40A16)";"158.2500";"-7.3750";"270";"TopLayer"
"Q4_5";"MA40A16";"THT_Transducer_(MA40A16)";"166.7500";"-22.1250";"270";"TopLayer"
"Q4_6";"MA40A16";"THT_Transducer_(MA40A16)";"158.2500";"-36.8750";"270";"TopLayer"
"Q5_1";"MA40A16";"THT_Transducer_(MA40A16)";"183.7500";"36.8750";"270";"TopLayer"
"Q5_2";"MA40A16";"THT_Transducer_(MA40A16)";"175.2500";"22.1250";"270";"TopLayer"
"Q5_3";"MA40A16";"THT_Transducer_(MA40A16)";"183.7500";"7.3750";"270";"TopLayer"
"Q5_4";"MA40A16";"THT_Transducer_(MA40A16)";"175.2500";"-7.3750";"270";"TopLayer"
"Q5_5";"MA40A16";"THT_Transducer_(MA40A16)";"183.7500";"-22.1250";"270";"TopLayer"
"Q5_6";"MA40A16";"THT_Transducer_(MA40A16)";"175.2500";"-36.8750";"270";"TopLayer"
"Q6_1";"MA40A16";"THT_Transducer_(MA40A16)";"200.7500";"36.8750";"270";"TopLayer"
"Q6_2";"MA40A16";"THT_Transducer_(MA40A16)";"192.2500";"22.1250";"270";"TopLayer"
"Q6_3";"MA40A16";"THT_Transducer_(MA40A16)";"200.7500";"7.3750";"270";"TopLayer"
"Q6_4";"MA40A16";"THT_Transducer_(MA40A16)";"192.2500";"-7.3750";"270";"TopLayer"
"Q6_5";"MA40A16";"THT_Transducer_(MA40A16)";"200.7500";"-22.1250";"270";"TopLayer"
"Q6_6";"MA40A16";"THT_Transducer_(MA40A16)";"192.2500";"-36.8750";"270";"TopLayer"
"Q7_1";"MA40A16";"THT_Transducer_(MA40A16)";"217.7500";"36.8750";"270";"TopLayer"
"Q7_2";"MA40A16";"THT_Transducer_(MA40A16)";"209.2500";"22.1250";"270";"TopLayer"
"Q7_3";"MA40A16";"THT_Transducer_(MA40A16)";"217.7500";"7.3750";"270";"TopLayer"
"Q7_4";"MA40A16";"THT_Transducer_(MA40A16)";"209.2500";"-7.3750";"270";"TopLayer"
"Q7_5";"MA40A16";"THT_Transducer_(MA40A16)";"217.7500";"-22.1250";"270";"TopLayer"
"Q7_6";"MA40A16";"THT_Transducer_(MA40A16)";"209.2500";"-36.8750";"270";"TopLayer"
"Q8_1";"MA40A16";"THT_Transducer_(MA40A16)";"234.7500";"36.8750";"270";"TopLayer"
"Q8_2";"MA40A16";"THT_Transducer_(MA40A16)";"226.2500";"22.1250";"270";"TopLayer"
"Q8_3";"MA40A16";"THT_Transducer_(MA40A16)";"234.7500";"7.3750";"270";"TopLayer"
"Q8_4";"MA40A16";"THT_Transducer_(MA40A16)";"226.2500";"-7.3750";"270";"TopLayer"
"Q8_5";"MA40A16";"THT_Transducer_(MA40A16)";"234.7500";"-22.1250";"270";"TopLayer"
"Q8_6";"MA40A16";"THT_Transducer_(MA40A16)";"226.2500";"-36.8750";"270";"TopLayer"
"R1";"10k";"SMD_Widerstand_Array_4-Fach_0603";"40.2500";"7.5000";"270";"BottomLayer"
"R2";"10k";"SMD_Widerstand_Array_4-Fach_0603";"40.2500";"11.5000";"270";"BottomLayer"
"R3";"330";"SMD_Widerstand_Array_4-Fach_0603";"63.2900";"10.5250";"180";"BottomLayer"
"R4";"330";"SMD_Widerstand_Array_4-Fach_0603";"58.2100";"10.5250";"180";"BottomLayer"
"R14";"33k";"SMD_Widerstand_0603";"20.0000";"26.0000";"90";"BottomLayer"
"R15";"10k";"THT_Potentiometer_(RK09D1130C2P)";"21.5000";"-34.0000";"270";"TopLayer"
"R16";"1k";"SMD_Widerstand_0603";"44.6250";"37.4000";"90";"BottomLayer"
"R17";"1k";"SMD_Widerstand_0603";"15.0000";"-36.5000";"0";"BottomLayer"
"R18";"10k";"SMD_Widerstand_0603";"15.0000";"-22.0000";"0";"BottomLayer"
"R19";"120";"SMD_Widerstand_0603";"35.5500";"41.8250";"270";"BottomLayer"
"R20";"10k";"SMD_Widerstand_0603";"34.1000";"39.0000";"270";"BottomLayer"
"R5_1";"10";"SMD_Widerstand_0603";"73.5030";"32.7960";"0";"BottomLayer"
"R5_2";"10";"SMD_Widerstand_0603";"73.5000";"18.0510";"0";"BottomLayer"
"R5_3";"10";"SMD_Widerstand_0603";"73.4960";"3.3210";"0";"BottomLayer"
"R5_4";"10";"SMD_Widerstand_0603";"73.5000";"-11.4490";"0";"BottomLayer"
"R5_5";"10";"SMD_Widerstand_0603";"73.4960";"-26.2040";"0";"BottomLayer"
"R5_6";"10";"SMD_Widerstand_0603";"73.5000";"-40.9490";"0";"BottomLayer"
"R6_1";"10";"SMD_Widerstand_0603";"88.7530";"30.5825";"180";"BottomLayer"
"R6_2";"10";"SMD_Widerstand_0603";"88.7500";"15.8375";"180";"BottomLayer"
"R6_3";"10";"SMD_Widerstand_0603";"88.7460";"1.1075";"180";"BottomLayer"
"R6_4";"10";"SMD_Widerstand_0603";"88.7500";"-13.6625";"180";"BottomLayer"
"R6_5";"10";"SMD_Widerstand_0603";"88.7460";"-28.4175";"180";"BottomLayer"
"R6_6";"10";"SMD_Widerstand_0603";"88.7500";"-43.1625";"180";"BottomLayer"
"R7_1";"10";"SMD_Widerstand_0603";"88.7530";"35.7825";"180";"BottomLayer"
"R7_2";"10";"SMD_Widerstand_0603";"88.7500";"21.0375";"180";"BottomLayer"
"R7_3";"10";"SMD_Widerstand_0603";"88.7460";"6.3075";"180";"BottomLayer"
"R7_4";"10";"SMD_Widerstand_0603";"88.7500";"-8.4625";"180";"BottomLayer"
"R7_5";"10";"SMD_Widerstand_0603";"88.7460";"-23.2175";"180";"BottomLayer"
"R7_6";"10";"SMD_Widerstand_0603";"88.7500";"-37.9625";"180";"BottomLayer"
"R8_1";"10";"SMD_Widerstand_0603";"73.5030";"40.1740";"0";"BottomLayer"
"R8_2";"10";"SMD_Widerstand_0603";"73.5000";"25.4290";"0";"BottomLayer"
"R8_3";"10";"SMD_Widerstand_0603";"73.4960";"10.6990";"0";"BottomLayer"
"R8_4";"10";"SMD_Widerstand_0603";"73.5000";"-4.0710";"0";"BottomLayer"
"R8_5";"10";"SMD_Widerstand_0603";"73.4960";"-18.8260";"0";"BottomLayer"
"R8_6";"10";"SMD_Widerstand_0603";"73.5000";"-33.5710";"0";"BottomLayer"
"R9_1";"0";"SMD_Widerstand_0603";"99.2530";"40.5570";"0";"BottomLayer"
"R9_2";"0";"SMD_Widerstand_0603";"99.2500";"25.8120";"0";"BottomLayer"
"R9_3";"0";"SMD_Widerstand_0603";"99.2460";"11.0820";"0";"BottomLayer"
"R9_4";"0";"SMD_Widerstand_0603";"99.2500";"-3.6880";"0";"BottomLayer"
"R9_5";"0";"SMD_Widerstand_0603";"99.2460";"-18.4430";"0";"BottomLayer"
"R9_6";"0";"SMD_Widerstand_0603";"99.2500";"-33.1880";"0";"BottomLayer"
"R10_1";"10";"SMD_Widerstand_0603";"88.7530";"37.9575";"180";"BottomLayer"
"R10_2";"10";"SMD_Widerstand_0603";"88.7500";"23.2125";"180";"BottomLayer"
"R10_3";"10";"SMD_Widerstand_0603";"88.7460";"8.4825";"180";"BottomLayer"
"R10_4";"10";"SMD_Widerstand_0603";"88.7500";"-6.2875";"180";"BottomLayer"
"R10_5";"10";"SMD_Widerstand_0603";"88.7460";"-21.0425";"180";"BottomLayer"
"R10_6";"10";"SMD_Widerstand_0603";"88.7500";"-35.7875";"180";"BottomLayer"
"R11_1";"10k";"SMD_Widerstand_0603";"73.5030";"35.2960";"0";"BottomLayer"
"R11_2";"10k";"SMD_Widerstand_0603";"73.5000";"20.5510";"0";"BottomLayer"
"R11_3";"10k";"SMD_Widerstand_0603";"73.4960";"5.8210";"0";"BottomLayer"
"R11_4";"10k";"SMD_Widerstand_0603";"73.5000";"-8.9490";"0";"BottomLayer"
"R11_5";"10k";"SMD_Widerstand_0603";"73.4960";"-23.7040";"0";"BottomLayer"
"R11_6";"10k";"SMD_Widerstand_0603";"73.5000";"-38.4490";"0";"BottomLayer"
"R12_1";"10k";"SMD_Widerstand_0603";"73.5030";"42.6740";"0";"BottomLayer"
"R12_2";"10k";"SMD_Widerstand_0603";"73.5000";"27.9290";"0";"BottomLayer"
"R12_3";"10k";"SMD_Widerstand_0603";"73.4960";"13.1990";"0";"BottomLayer"
"R12_4";"10k";"SMD_Widerstand_0603";"73.5000";"-1.5710";"0";"BottomLayer"
"R12_5";"10k";"SMD_Widerstand_0603";"73.4960";"-16.3260";"0";"BottomLayer"
"R12_6";"10k";"SMD_Widerstand_0603";"73.5000";"-31.0710";"0";"BottomLayer"
"R13_1";"10";"SMD_Widerstand_0603";"88.7530";"43.1575";"180";"BottomLayer"
"R13_2";"10";"SMD_Widerstand_0603";"88.7500";"28.4125";"180";"BottomLayer"
"R13_3";"10";"SMD_Widerstand_0603";"88.7460";"13.6825";"180";"BottomLayer"
"R13_4";"10";"SMD_Widerstand_0603";"88.7500";"-1.0875";"180";"BottomLayer"
"R13_5";"10";"SMD_Widerstand_0603";"88.7460";"-15.8425";"180";"BottomLayer"
"R13_6";"10";"SMD_Widerstand_0603";"88.7500";"-30.5875";"180";"BottomLayer"
"S1";"A6H-8101";"SMD_DIP-SWITCH_8-POS";"48.2500";"9.5000";"0";"BottomLayer"
"S2";"PCM12SMTR";"SMD_SWITCH_SPDT_(PCM12SMTR)";"43.9000";"41.1075";"180";"BottomLayer"
"TP1";"X-TP";"THT_Testpunkt_Ø1mm";"44.0000";"27.5000";"180";"BottomLayer"
"TP2";"X-TP";"THT_Testpunkt_Ø1mm";"3.5000";"-34.0000";"180";"BottomLayer"
"TP3";"X-TP";"THT_Testpunkt_Ø1mm";"2.0000";"-34.0000";"180";"BottomLayer"
"U3";"XL6019";"SMD_IC_TO-263-5";"11.2750";"16.5500";"0";"BottomLayer"
"U4";"XL2596S-5.0E1";"SMD_IC_TO-263-5";"11.3000";"-16.5500";"0";"BottomLayer"
"U5";"SN74LVC1G17";"SMD_IC_SOT-363_(SC-70-5)";"36.2000";"39.0000";"90";"BottomLayer"
"U1_1";"LM5109B";"SMD_IC_SOIC-8";"80.5030";"32.7460";"270";"BottomLayer"
"U1_2";"LM5109B";"SMD_IC_SOIC-8";"80.5000";"18.0010";"270";"BottomLayer"
"U1_3";"LM5109B";"SMD_IC_SOIC-8";"80.4960";"3.2710";"270";"BottomLayer"
"U1_4";"LM5109B";"SMD_IC_SOIC-8";"80.5000";"-11.4990";"270";"BottomLayer"
"U1_5";"LM5109B";"SMD_IC_SOIC-8";"80.4960";"-26.2540";"270";"BottomLayer"
"U1_6";"LM5109B";"SMD_IC_SOIC-8";"80.5000";"-40.9990";"270";"BottomLayer"
"U2_1";"LM5109B";"SMD_IC_SOIC-8";"80.5030";"40.1200";"270";"BottomLayer"
"U2_2";"LM5109B";"SMD_IC_SOIC-8";"80.5000";"25.3750";"270";"BottomLayer"
"U2_3";"LM5109B";"SMD_IC_SOIC-8";"80.4960";"10.6450";"270";"BottomLayer"
"U2_4";"LM5109B";"SMD_IC_SOIC-8";"80.5000";"-4.1250";"270";"BottomLayer"
"U2_5";"LM5109B";"SMD_IC_SOIC-8";"80.4960";"-18.8800";"270";"BottomLayer"
"U2_6";"LM5109B";"SMD_IC_SOIC-8";"80.5000";"-33.6250";"270";"BottomLayer"
"X1";"X-Klemme (2-Pol)";"THT_Schraubklemme_2-Pol_(WJ500V-5.08-2P)";"8.2250";"38.7350";"0";"TopLayer"
"X2";"Stiftleiste (10-Fach)";"THT_Pin-Header_10x1_(90°)";"29.8150";"34.2900";"0";"TopLayer"
"X3";"Stiftleiste (10-Fach)";"THT_Pin-Header_10x1_(90°)";"57.7550";"34.2900";"0";"TopLayer"
"X4";"1661";"SMD_Connector_(1661)";"26.5000";"-18.0000";"90";"TopLayer"
"X5";"1661";"SMD_Connector_(1661)";"52.0000";"-18.0000";"90";"TopLayer"
"X6";"1661";"SMD_Connector_(1661)";"30.5000";"18.0000";"90";"TopLayer"
"X7";"1661";"SMD_Connector_(1661)";"52.0000";"18.0000";"90";"TopLayer"
